Аспект,Рекомендации
Местоположение,БПЛА должны храниться в сухом и чистом помещении. Температура хранения должна быть в пределах от 5 до 25 градусов Цельсия.
Условия хранения,БПЛА должны быть защищены от прямых солнечных лучей. Влажность воздуха должна быть в пределах 30-50%.
Обслуживание,Периодически проверяйте техническое состояние БПЛА. Проводите регулярные осмотры на наличие повреждений или износа.
Безопасность,"Храните БПЛА в закрытом помещении, чтобы предотвратить доступ посторонних лиц. Используйте системы сигнализации для предотвращения кражи."
Документация,Ведите учет всех операций по обслуживанию и эксплуатации БПЛА. Храните документацию в доступном и защищенном месте.
