Номер БПЛА,Модель,Дата хранения,Температура хранения,Влажность хранения,Состояние устройства,Местоположение на складе,Ответственное лицо
1,DJI Phantom 4,2024-07-01,20°C,40%,исправно,Полка 1,Иванов И.И.
2,Parrot Anafi,2024-07-01,22°C,45%,исправно,Полка 2,Петров П.П.
3,Autel Robotics EVO II,2024-07-01,19°C,42%,неисправно,Полка 3,Сидоров С.С.
4,Skydio 2,2024-07-01,21°C,38%,исправно,Полка 4,Кузнецов К.К.
5,Yuneec Typhoon H,2024-07-01,20°C,40%,исправно,Полка 5,Лебедев Л.Л.
